municipality,region,municipal_status,election_year,role_title,role_category,pay_status,pay_is_estimated,pay_actual_published,pay_modeled_estimate,pay_source_notes,pay_type,training_pay,hours_or_shift,min_age,apply_url,election_portal_url
City of Barrie,Simcoe,Accepting Applications,2026,Deputy Returning Officer (DRO),DRO,ESTIMATED_BENCHMARK,TRUE,,275.0,Modeled benchmark (~$275/day) based on municipal staffing policy,DAY_RATE,,"8:30 AM - 9:00 PM on October 26, 2026",18,https://www.barrie.ca/government-news/2026-municipal-election,https://www.barrie.ca/government-news/2026-municipal-election
City of Barrie,Simcoe,Accepting Applications,2026,Information Assistant / Greeter,GREETER,ESTIMATED_BENCHMARK,TRUE,,225.0,Modeled benchmark (~$225/day) based on municipal staffing policy,DAY_RATE,,"8:30 AM - 9:00 PM on October 26, 2026",16,https://www.barrie.ca/government-news/2026-municipal-election,https://www.barrie.ca/government-news/2026-municipal-election
City of Barrie,Simcoe,Accepting Applications,2026,Voting Location Supervisor (VLS),SUPERVISOR,ESTIMATED_BENCHMARK,TRUE,,350.0,Modeled benchmark (~$350/day) based on municipal staffing policy,DAY_RATE,,"8:30 AM - 9:00 PM on October 26, 2026",18,https://www.barrie.ca/government-news/2026-municipal-election,https://www.barrie.ca/government-news/2026-municipal-election
City of Brampton,Peel,Accepting Applications,2026,Deputy Returning Officer (DRO),DRO,ESTIMATED_BENCHMARK,TRUE,,275.0,Modeled benchmark (~$275/day) based on municipal staffing policy,DAY_RATE,,"8:30 AM - 9:00 PM on October 26, 2026",18,https://forms.office.com/r/7JHen2LfUD,https://www.brampton.ca/EN/City-Hall/Election/Pages/welcome.aspx
City of Brampton,Peel,Accepting Applications,2026,Information Assistant / Greeter,GREETER,ESTIMATED_BENCHMARK,TRUE,,225.0,Modeled benchmark (~$225/day) based on municipal staffing policy,DAY_RATE,,"8:30 AM - 9:00 PM on October 26, 2026",16,https://forms.office.com/r/7JHen2LfUD,https://www.brampton.ca/EN/City-Hall/Election/Pages/welcome.aspx
City of Brampton,Peel,Accepting Applications,2026,Voting Location Supervisor (VLS),SUPERVISOR,ESTIMATED_BENCHMARK,TRUE,,350.0,Modeled benchmark (~$350/day) based on municipal staffing policy,DAY_RATE,,"8:30 AM - 9:00 PM on October 26, 2026",18,https://forms.office.com/r/7JHen2LfUD,https://www.brampton.ca/EN/City-Hall/Election/Pages/welcome.aspx
City of Brantford,Brant,Accepting Applications,2026,Deputy Returning Officer (DRO),DRO,ESTIMATED_BENCHMARK,TRUE,,275.0,Modeled benchmark (~$275/day) based on municipal staffing policy,DAY_RATE,,"8:30 AM - 9:00 PM on October 26, 2026",18,https://www.brantford.ca/your-government/municipal-election/,https://www.brantford.ca/your-government/municipal-election/
City of Brantford,Brant,Accepting Applications,2026,Information Assistant / Greeter,GREETER,ESTIMATED_BENCHMARK,TRUE,,225.0,Modeled benchmark (~$225/day) based on municipal staffing policy,DAY_RATE,,"8:30 AM - 9:00 PM on October 26, 2026",16,https://www.brantford.ca/your-government/municipal-election/,https://www.brantford.ca/your-government/municipal-election/
City of Brantford,Brant,Accepting Applications,2026,Voting Location Supervisor (VLS),SUPERVISOR,ESTIMATED_BENCHMARK,TRUE,,350.0,Modeled benchmark (~$350/day) based on municipal staffing policy,DAY_RATE,,"8:30 AM - 9:00 PM on October 26, 2026",18,https://www.brantford.ca/your-government/municipal-election/,https://www.brantford.ca/your-government/municipal-election/
City of Burlington,Halton,Accepting Applications,2026,Deputy Returning Officer (DRO),DRO,ESTIMATED_BENCHMARK,TRUE,,275.0,Modeled benchmark (~$275/day) based on municipal staffing policy,DAY_RATE,,"8:30 AM - 9:00 PM on October 26, 2026",18,https://myvote.burlington.ca/,https://myvote.burlington.ca/
City of Burlington,Halton,Accepting Applications,2026,Information Assistant / Greeter,GREETER,ESTIMATED_BENCHMARK,TRUE,,225.0,Modeled benchmark (~$225/day) based on municipal staffing policy,DAY_RATE,,"8:30 AM - 9:00 PM on October 26, 2026",16,https://myvote.burlington.ca/,https://myvote.burlington.ca/
City of Burlington,Halton,Accepting Applications,2026,Voting Location Supervisor (VLS),SUPERVISOR,ESTIMATED_BENCHMARK,TRUE,,350.0,Modeled benchmark (~$350/day) based on municipal staffing policy,DAY_RATE,,"8:30 AM - 9:00 PM on October 26, 2026",18,https://myvote.burlington.ca/,https://myvote.burlington.ca/
City of Cambridge,Waterloo,Accepting Applications,2026,Deputy Returning Officer (DRO),DRO,ESTIMATED_BENCHMARK,TRUE,,275.0,Modeled benchmark (~$275/day) based on municipal staffing policy,DAY_RATE,,"8:30 AM - 9:00 PM on October 26, 2026",18,https://www.cambridge.ca/elections,https://www.cambridge.ca/elections
City of Cambridge,Waterloo,Accepting Applications,2026,Information Assistant / Greeter,GREETER,ESTIMATED_BENCHMARK,TRUE,,225.0,Modeled benchmark (~$225/day) based on municipal staffing policy,DAY_RATE,,"8:30 AM - 9:00 PM on October 26, 2026",16,https://www.cambridge.ca/elections,https://www.cambridge.ca/elections
City of Cambridge,Waterloo,Accepting Applications,2026,Voting Location Supervisor (VLS),SUPERVISOR,ESTIMATED_BENCHMARK,TRUE,,350.0,Modeled benchmark (~$350/day) based on municipal staffing policy,DAY_RATE,,"8:30 AM - 9:00 PM on October 26, 2026",18,https://www.cambridge.ca/elections,https://www.cambridge.ca/elections
City of Cornwall,Stormont Dundas Glengarry,Accepting Applications,2026,Deputy Returning Officer (DRO),DRO,ESTIMATED_BENCHMARK,TRUE,,275.0,Modeled benchmark (~$275/day) based on municipal staffing policy,DAY_RATE,,"8:30 AM - 9:00 PM on October 26, 2026",18,https://forms.cloud.microsoft/Pages/ResponsePage.aspx?id=nEjQaE_5EkS3IsiUrcsqF6cnmTBsNEhMp1o6LLK5DBBUOTQ5SVFHTUZKSDQ0OTVORkdVNEJOSTVEOC4u,https://www.cornwall.ca/elections
City of Cornwall,Stormont Dundas Glengarry,Accepting Applications,2026,Information Assistant / Greeter,GREETER,ESTIMATED_BENCHMARK,TRUE,,225.0,Modeled benchmark (~$225/day) based on municipal staffing policy,DAY_RATE,,"8:30 AM - 9:00 PM on October 26, 2026",16,https://forms.cloud.microsoft/Pages/ResponsePage.aspx?id=nEjQaE_5EkS3IsiUrcsqF6cnmTBsNEhMp1o6LLK5DBBUOTQ5SVFHTUZKSDQ0OTVORkdVNEJOSTVEOC4u,https://www.cornwall.ca/elections
City of Cornwall,Stormont Dundas Glengarry,Accepting Applications,2026,Voting Location Supervisor (VLS),SUPERVISOR,ESTIMATED_BENCHMARK,TRUE,,350.0,Modeled benchmark (~$350/day) based on municipal staffing policy,DAY_RATE,,"8:30 AM - 9:00 PM on October 26, 2026",18,https://forms.cloud.microsoft/Pages/ResponsePage.aspx?id=nEjQaE_5EkS3IsiUrcsqF6cnmTBsNEhMp1o6LLK5DBBUOTQ5SVFHTUZKSDQ0OTVORkdVNEJOSTVEOC4u,https://www.cornwall.ca/elections
City of Greater Sudbury,Sudbury,Accepting Applications,2026,Deputy Returning Officer (DRO),DRO,ESTIMATED_BENCHMARK,TRUE,,275.0,Modeled benchmark (~$275/day) based on municipal staffing policy,DAY_RATE,,"8:30 AM - 9:00 PM on October 26, 2026",18,https://www.greatersudbury.ca/city-hall/municipal-schoolboard-elections/,https://www.greatersudbury.ca/city-hall/municipal-schoolboard-elections/
City of Greater Sudbury,Sudbury,Accepting Applications,2026,Information Assistant / Greeter,GREETER,ESTIMATED_BENCHMARK,TRUE,,225.0,Modeled benchmark (~$225/day) based on municipal staffing policy,DAY_RATE,,"8:30 AM - 9:00 PM on October 26, 2026",16,https://www.greatersudbury.ca/city-hall/municipal-schoolboard-elections/,https://www.greatersudbury.ca/city-hall/municipal-schoolboard-elections/
City of Greater Sudbury,Sudbury,Accepting Applications,2026,Voting Location Supervisor (VLS),SUPERVISOR,ESTIMATED_BENCHMARK,TRUE,,350.0,Modeled benchmark (~$350/day) based on municipal staffing policy,DAY_RATE,,"8:30 AM - 9:00 PM on October 26, 2026",18,https://www.greatersudbury.ca/city-hall/municipal-schoolboard-elections/,https://www.greatersudbury.ca/city-hall/municipal-schoolboard-elections/
City of Hamilton,Hamilton,Accepting Applications,2026,Deputy Returning Officer (DRO),DRO,ESTIMATED_BENCHMARK,TRUE,,275.0,Modeled benchmark (~$275/day) based on municipal staffing policy,DAY_RATE,,"8:30 AM - 9:00 PM on October 26, 2026",18,https://www.hamilton.ca/city-council/municipal-election,https://www.hamilton.ca/city-council/municipal-election
City of Hamilton,Hamilton,Accepting Applications,2026,Information Assistant / Greeter,GREETER,ESTIMATED_BENCHMARK,TRUE,,225.0,Modeled benchmark (~$225/day) based on municipal staffing policy,DAY_RATE,,"8:30 AM - 9:00 PM on October 26, 2026",16,https://www.hamilton.ca/city-council/municipal-election,https://www.hamilton.ca/city-council/municipal-election
City of Hamilton,Hamilton,Accepting Applications,2026,Voting Location Supervisor (VLS),SUPERVISOR,ESTIMATED_BENCHMARK,TRUE,,350.0,Modeled benchmark (~$350/day) based on municipal staffing policy,DAY_RATE,,"8:30 AM - 9:00 PM on October 26, 2026",18,https://www.hamilton.ca/city-council/municipal-election,https://www.hamilton.ca/city-council/municipal-election
City of Kingston,Frontenac,Accepting Applications,2026,Deputy Returning Officer (DRO),DRO,ESTIMATED_BENCHMARK,TRUE,,275.0,Modeled benchmark (~$275/day) based on municipal staffing policy,DAY_RATE,,"8:30 AM - 9:00 PM on October 26, 2026",18,https://www.cityofkingston.ca/council-and-city-administration/elections/,https://www.cityofkingston.ca/council-and-city-administration/elections/
City of Kingston,Frontenac,Accepting Applications,2026,Information Assistant / Greeter,GREETER,ESTIMATED_BENCHMARK,TRUE,,225.0,Modeled benchmark (~$225/day) based on municipal staffing policy,DAY_RATE,,"8:30 AM - 9:00 PM on October 26, 2026",16,https://www.cityofkingston.ca/council-and-city-administration/elections/,https://www.cityofkingston.ca/council-and-city-administration/elections/
City of Kingston,Frontenac,Accepting Applications,2026,Voting Location Supervisor (VLS),SUPERVISOR,ESTIMATED_BENCHMARK,TRUE,,350.0,Modeled benchmark (~$350/day) based on municipal staffing policy,DAY_RATE,,"8:30 AM - 9:00 PM on October 26, 2026",18,https://www.cityofkingston.ca/council-and-city-administration/elections/,https://www.cityofkingston.ca/council-and-city-administration/elections/
City of London,Middlesex,Accepting Applications,2026,Deputy Returning Officer (DRO),DRO,ESTIMATED_BENCHMARK,TRUE,,275.0,Modeled benchmark (~$275/day) based on municipal staffing policy,DAY_RATE,,"8:30 AM - 9:00 PM on October 26, 2026",18,https://london.ca/government/council-civic-administration/elections,https://london.ca/government/council-civic-administration/elections
City of London,Middlesex,Accepting Applications,2026,Information Assistant / Greeter,GREETER,ESTIMATED_BENCHMARK,TRUE,,225.0,Modeled benchmark (~$225/day) based on municipal staffing policy,DAY_RATE,,"8:30 AM - 9:00 PM on October 26, 2026",16,https://london.ca/government/council-civic-administration/elections,https://london.ca/government/council-civic-administration/elections
City of London,Middlesex,Accepting Applications,2026,Voting Location Supervisor (VLS),SUPERVISOR,ESTIMATED_BENCHMARK,TRUE,,350.0,Modeled benchmark (~$350/day) based on municipal staffing policy,DAY_RATE,,"8:30 AM - 9:00 PM on October 26, 2026",18,https://london.ca/government/council-civic-administration/elections,https://london.ca/government/council-civic-administration/elections
City of Mississauga,Peel,Accepting Applications,2026,Deputy Returning Officer (DRO),DRO,ACTUAL_PUBLISHED,FALSE,$390.00 lump sum (covers Election Day + training),390.0,Actual rate: Confirmed on official Mississauga Votes portal,DAY_RATE,Included in lump sum,Voting Day (8:30 AM - 9:00 PM),18,https://mississaugavotes.ca/,https://mississaugavotes.ca/
City of Mississauga,Peel,Accepting Applications,2026,Information Assistant / Greeter,GREETER,ACTUAL_PUBLISHED,FALSE,$300.00 lump sum,300.0,Actual rate: Confirmed on official Mississauga Votes portal,DAY_RATE,Included in lump sum,Voting Day (9:00 AM - 8:30 PM),16,https://mississaugavotes.ca/,https://mississaugavotes.ca/
City of Mississauga,Peel,Accepting Applications,2026,Supervising Deputy Returning Officer (VLS),SUPERVISOR,ACTUAL_PUBLISHED,FALSE,$450.00 lump sum,450.0,Actual rate: Confirmed on official Mississauga Votes portal,DAY_RATE,Included in lump sum,Voting Day (8:00 AM - 9:30 PM),18,https://mississaugavotes.ca/,https://mississaugavotes.ca/
City of Niagara Falls,Niagara,Accepting Applications,2026,Deputy Returning Officer (DRO),DRO,ESTIMATED_BENCHMARK,TRUE,,275.0,Modeled benchmark (~$275/day) based on municipal staffing policy,DAY_RATE,,"8:30 AM - 9:00 PM on October 26, 2026",18,https://niagarafalls.ca/city-government/elections/,https://niagarafalls.ca/city-government/elections/
City of Niagara Falls,Niagara,Accepting Applications,2026,Information Assistant / Greeter,GREETER,ESTIMATED_BENCHMARK,TRUE,,225.0,Modeled benchmark (~$225/day) based on municipal staffing policy,DAY_RATE,,"8:30 AM - 9:00 PM on October 26, 2026",16,https://niagarafalls.ca/city-government/elections/,https://niagarafalls.ca/city-government/elections/
City of Niagara Falls,Niagara,Accepting Applications,2026,Voting Location Supervisor (VLS),SUPERVISOR,ESTIMATED_BENCHMARK,TRUE,,350.0,Modeled benchmark (~$350/day) based on municipal staffing policy,DAY_RATE,,"8:30 AM - 9:00 PM on October 26, 2026",18,https://niagarafalls.ca/city-government/elections/,https://niagarafalls.ca/city-government/elections/
City of Oshawa,Durham,Accepting Applications,2026,Deputy Returning Officer (DRO),DRO,ESTIMATED_BENCHMARK,TRUE,,275.0,Modeled benchmark (~$275/day) based on municipal staffing policy,DAY_RATE,,"8:30 AM - 9:00 PM on October 26, 2026",18,https://www.oshawa.ca/elections,https://www.oshawa.ca/elections
City of Oshawa,Durham,Accepting Applications,2026,Information Assistant / Greeter,GREETER,ESTIMATED_BENCHMARK,TRUE,,225.0,Modeled benchmark (~$225/day) based on municipal staffing policy,DAY_RATE,,"8:30 AM - 9:00 PM on October 26, 2026",16,https://www.oshawa.ca/elections,https://www.oshawa.ca/elections
City of Oshawa,Durham,Accepting Applications,2026,Voting Location Supervisor (VLS),SUPERVISOR,ESTIMATED_BENCHMARK,TRUE,,350.0,Modeled benchmark (~$350/day) based on municipal staffing policy,DAY_RATE,,"8:30 AM - 9:00 PM on October 26, 2026",18,https://www.oshawa.ca/elections,https://www.oshawa.ca/elections
City of Pickering,Durham,Accepting Applications,2026,Deputy Returning Officer (DRO),DRO,ESTIMATED_BENCHMARK,TRUE,,275.0,Modeled benchmark (~$275/day) based on municipal staffing policy,DAY_RATE,,"8:30 AM - 9:00 PM on October 26, 2026",18,https://www.pickering.ca/elections,https://www.pickering.ca/elections
City of Pickering,Durham,Accepting Applications,2026,Information Assistant / Greeter,GREETER,ESTIMATED_BENCHMARK,TRUE,,225.0,Modeled benchmark (~$225/day) based on municipal staffing policy,DAY_RATE,,"8:30 AM - 9:00 PM on October 26, 2026",16,https://www.pickering.ca/elections,https://www.pickering.ca/elections
City of Pickering,Durham,Accepting Applications,2026,Voting Location Supervisor (VLS),SUPERVISOR,ESTIMATED_BENCHMARK,TRUE,,350.0,Modeled benchmark (~$350/day) based on municipal staffing policy,DAY_RATE,,"8:30 AM - 9:00 PM on October 26, 2026",18,https://www.pickering.ca/elections,https://www.pickering.ca/elections
City of Sarnia,Lambton,Accepting Applications,2026,Deputy Returning Officer (DRO),DRO,ESTIMATED_BENCHMARK,TRUE,,275.0,Modeled benchmark (~$275/day) based on municipal staffing policy,DAY_RATE,,"8:30 AM - 9:00 PM on October 26, 2026",18,https://www.sarnia.ca/city-government/elections/2026-election/,https://www.sarnia.ca/city-government/elections/2026-election/
City of Sarnia,Lambton,Accepting Applications,2026,Information Assistant / Greeter,GREETER,ESTIMATED_BENCHMARK,TRUE,,225.0,Modeled benchmark (~$225/day) based on municipal staffing policy,DAY_RATE,,"8:30 AM - 9:00 PM on October 26, 2026",16,https://www.sarnia.ca/city-government/elections/2026-election/,https://www.sarnia.ca/city-government/elections/2026-election/
City of Sarnia,Lambton,Accepting Applications,2026,Voting Location Supervisor (VLS),SUPERVISOR,ESTIMATED_BENCHMARK,TRUE,,350.0,Modeled benchmark (~$350/day) based on municipal staffing policy,DAY_RATE,,"8:30 AM - 9:00 PM on October 26, 2026",18,https://www.sarnia.ca/city-government/elections/2026-election/,https://www.sarnia.ca/city-government/elections/2026-election/
City of Sault Ste. Marie,Algoma,Accepting Applications,2026,Information Assistant / Greeter / Line Monitor,GREETER,ESTIMATED_BENCHMARK,TRUE,,225.0,Modeled benchmark (~$225/day) based on municipal staffing policy,DAY_RATE,,Voting Day (8:30 AM - 9:00 PM),16,https://saultstemarie.ca/elections-office-is-hiring-election-workers/,https://saultstemarie.ca/elections-office-is-hiring-election-workers/
City of St. Catharines,Niagara,Accepting Applications,2026,Deputy Returning Officer (DRO),DRO,ESTIMATED_BENCHMARK,TRUE,,275.0,Modeled benchmark (~$275/day) based on municipal staffing policy,DAY_RATE,,"8:30 AM - 9:00 PM on October 26, 2026",18,https://www.stcatharines.ca/elections,https://www.stcatharines.ca/elections
City of St. Catharines,Niagara,Accepting Applications,2026,Information Assistant / Greeter,GREETER,ESTIMATED_BENCHMARK,TRUE,,225.0,Modeled benchmark (~$225/day) based on municipal staffing policy,DAY_RATE,,"8:30 AM - 9:00 PM on October 26, 2026",16,https://www.stcatharines.ca/elections,https://www.stcatharines.ca/elections
City of St. Catharines,Niagara,Accepting Applications,2026,Voting Location Supervisor (VLS),SUPERVISOR,ESTIMATED_BENCHMARK,TRUE,,350.0,Modeled benchmark (~$350/day) based on municipal staffing policy,DAY_RATE,,"8:30 AM - 9:00 PM on October 26, 2026",18,https://www.stcatharines.ca/elections,https://www.stcatharines.ca/elections
City of Thunder Bay,Thunder Bay,Accepting Applications,2026,Deputy Returning Officer (DRO),DRO,ESTIMATED_BENCHMARK,TRUE,,275.0,Modeled benchmark (~$275/day) based on municipal staffing policy,DAY_RATE,,"8:30 AM - 9:00 PM on October 26, 2026",18,https://www.thunderbay.ca/en/city-hall/2026-municipal-election.aspx,https://www.thunderbay.ca/en/city-hall/2026-municipal-election.aspx
City of Thunder Bay,Thunder Bay,Accepting Applications,2026,Information Assistant / Greeter,GREETER,ESTIMATED_BENCHMARK,TRUE,,225.0,Modeled benchmark (~$225/day) based on municipal staffing policy,DAY_RATE,,"8:30 AM - 9:00 PM on October 26, 2026",16,https://www.thunderbay.ca/en/city-hall/2026-municipal-election.aspx,https://www.thunderbay.ca/en/city-hall/2026-municipal-election.aspx
City of Thunder Bay,Thunder Bay,Accepting Applications,2026,Voting Location Supervisor (VLS),SUPERVISOR,ESTIMATED_BENCHMARK,TRUE,,350.0,Modeled benchmark (~$350/day) based on municipal staffing policy,DAY_RATE,,"8:30 AM - 9:00 PM on October 26, 2026",18,https://www.thunderbay.ca/en/city-hall/2026-municipal-election.aspx,https://www.thunderbay.ca/en/city-hall/2026-municipal-election.aspx
City of Toronto,Toronto,Accepting Applications,2026,Deputy Returning Officer (DRO),DRO,ACTUAL_PUBLISHED,FALSE,$285.00 / day + $55 training,285.0,Actual rate: Confirmed on official Toronto Elections portal,DAY_RATE,$55.00,Voting Day (8:30 AM - 9:00 PM),18,https://www.toronto.ca/city-government/elections/?WT.rd_id=%2Felections,https://www.toronto.ca/city-government/elections/?WT.rd_id=%2Felections
City of Toronto,Toronto,Accepting Applications,2026,Information Officer / Greeter,GREETER,ACTUAL_PUBLISHED,FALSE,$235.00 / day + $45 training,235.0,Actual rate: Confirmed on official Toronto Elections portal,DAY_RATE,$45.00,Voting Day (9:00 AM - 8:30 PM),16,https://www.toronto.ca/city-government/elections/?WT.rd_id=%2Felections,https://www.toronto.ca/city-government/elections/?WT.rd_id=%2Felections
City of Toronto,Toronto,Accepting Applications,2026,Voting Location Supervisor (VLS),SUPERVISOR,ACTUAL_PUBLISHED,FALSE,$365.00 / day + $70 training,365.0,Actual rate: Confirmed on official Toronto Elections portal,DAY_RATE,$70.00,Voting Day (8:00 AM - 9:30 PM),18,https://www.toronto.ca/city-government/elections/?WT.rd_id=%2Felections,https://www.toronto.ca/city-government/elections/?WT.rd_id=%2Felections
City of Vaughan,York,Accepting Applications,2026,Deputy Returning Officer (DRO),DRO,ESTIMATED_BENCHMARK,TRUE,,275.0,Modeled benchmark (~$275/day) based on municipal staffing policy,DAY_RATE,,"8:30 AM - 9:00 PM on October 26, 2026",18,https://www.vaughan.ca/sites/default/files/2023-03/2022-2026%20JCAC%20Compliance%20Audit%20Request%20Form.pdf,https://www.vaughan.ca/council/elections
City of Vaughan,York,Accepting Applications,2026,Information Assistant / Greeter,GREETER,ESTIMATED_BENCHMARK,TRUE,,225.0,Modeled benchmark (~$225/day) based on municipal staffing policy,DAY_RATE,,"8:30 AM - 9:00 PM on October 26, 2026",16,https://www.vaughan.ca/sites/default/files/2023-03/2022-2026%20JCAC%20Compliance%20Audit%20Request%20Form.pdf,https://www.vaughan.ca/council/elections
City of Vaughan,York,Accepting Applications,2026,Voting Location Supervisor (VLS),SUPERVISOR,ESTIMATED_BENCHMARK,TRUE,,350.0,Modeled benchmark (~$350/day) based on municipal staffing policy,DAY_RATE,,"8:30 AM - 9:00 PM on October 26, 2026",18,https://www.vaughan.ca/sites/default/files/2023-03/2022-2026%20JCAC%20Compliance%20Audit%20Request%20Form.pdf,https://www.vaughan.ca/council/elections
City of Waterloo,Waterloo,Accepting Applications,2026,Deputy Returning Officer (DRO),DRO,ESTIMATED_BENCHMARK,TRUE,,275.0,Modeled benchmark (~$275/day) based on municipal staffing policy,DAY_RATE,,"8:30 AM - 9:00 PM on October 26, 2026",18,https://www.waterloo.ca/elections,https://www.waterloo.ca/elections
City of Waterloo,Waterloo,Accepting Applications,2026,Information Assistant / Greeter,GREETER,ESTIMATED_BENCHMARK,TRUE,,225.0,Modeled benchmark (~$225/day) based on municipal staffing policy,DAY_RATE,,"8:30 AM - 9:00 PM on October 26, 2026",16,https://www.waterloo.ca/elections,https://www.waterloo.ca/elections
City of Waterloo,Waterloo,Accepting Applications,2026,Voting Location Supervisor (VLS),SUPERVISOR,ESTIMATED_BENCHMARK,TRUE,,350.0,Modeled benchmark (~$350/day) based on municipal staffing policy,DAY_RATE,,"8:30 AM - 9:00 PM on October 26, 2026",18,https://www.waterloo.ca/elections,https://www.waterloo.ca/elections
City of Windsor,Essex,Accepting Applications,2026,Deputy Returning Officer (DRO),DRO,ESTIMATED_BENCHMARK,TRUE,,275.0,Modeled benchmark (~$275/day) based on municipal staffing policy,DAY_RATE,,"8:30 AM - 9:00 PM on October 26, 2026",18,https://www.citywindsor.ca/city-hall/municipal-election,https://www.citywindsor.ca/city-hall/municipal-election
City of Windsor,Essex,Accepting Applications,2026,Information Assistant / Greeter,GREETER,ESTIMATED_BENCHMARK,TRUE,,225.0,Modeled benchmark (~$225/day) based on municipal staffing policy,DAY_RATE,,"8:30 AM - 9:00 PM on October 26, 2026",16,https://www.citywindsor.ca/city-hall/municipal-election,https://www.citywindsor.ca/city-hall/municipal-election
City of Windsor,Essex,Accepting Applications,2026,Voting Location Supervisor (VLS),SUPERVISOR,ESTIMATED_BENCHMARK,TRUE,,350.0,Modeled benchmark (~$350/day) based on municipal staffing policy,DAY_RATE,,"8:30 AM - 9:00 PM on October 26, 2026",18,https://www.citywindsor.ca/city-hall/municipal-election,https://www.citywindsor.ca/city-hall/municipal-election
Town of Ajax,Durham,Accepting Applications,2026,Deputy Returning Officer (DRO),DRO,ESTIMATED_BENCHMARK,TRUE,,275.0,Modeled benchmark (~$275/day) based on municipal staffing policy,DAY_RATE,,"8:30 AM - 9:00 PM on October 26, 2026",18,https://ajax.ca/town-hall/governance-accountability/elections/,https://ajax.ca/town-hall/governance-accountability/elections/
Town of Ajax,Durham,Accepting Applications,2026,Information Assistant / Greeter,GREETER,ESTIMATED_BENCHMARK,TRUE,,225.0,Modeled benchmark (~$225/day) based on municipal staffing policy,DAY_RATE,,"8:30 AM - 9:00 PM on October 26, 2026",16,https://ajax.ca/town-hall/governance-accountability/elections/,https://ajax.ca/town-hall/governance-accountability/elections/
Town of Ajax,Durham,Accepting Applications,2026,Voting Location Supervisor (VLS),SUPERVISOR,ESTIMATED_BENCHMARK,TRUE,,350.0,Modeled benchmark (~$350/day) based on municipal staffing policy,DAY_RATE,,"8:30 AM - 9:00 PM on October 26, 2026",18,https://ajax.ca/town-hall/governance-accountability/elections/,https://ajax.ca/town-hall/governance-accountability/elections/
Town of Caledon,Peel,Accepting Applications,2026,Deputy Returning Officer (DRO),DRO,ESTIMATED_BENCHMARK,TRUE,,275.0,Modeled benchmark (~$275/day) based on municipal staffing policy,DAY_RATE,,"8:30 AM - 9:00 PM on October 26, 2026",18,https://www.caledon.ca/en/government/election-landing-page.aspx?_mid_=102850,https://www.caledon.ca/en/government/election-landing-page.aspx?_mid_=102850
Town of Caledon,Peel,Accepting Applications,2026,Information Assistant / Greeter,GREETER,ESTIMATED_BENCHMARK,TRUE,,225.0,Modeled benchmark (~$225/day) based on municipal staffing policy,DAY_RATE,,"8:30 AM - 9:00 PM on October 26, 2026",16,https://www.caledon.ca/en/government/election-landing-page.aspx?_mid_=102850,https://www.caledon.ca/en/government/election-landing-page.aspx?_mid_=102850
Town of Caledon,Peel,Accepting Applications,2026,Voting Location Supervisor (VLS),SUPERVISOR,ESTIMATED_BENCHMARK,TRUE,,350.0,Modeled benchmark (~$350/day) based on municipal staffing policy,DAY_RATE,,"8:30 AM - 9:00 PM on October 26, 2026",18,https://www.caledon.ca/en/government/election-landing-page.aspx?_mid_=102850,https://www.caledon.ca/en/government/election-landing-page.aspx?_mid_=102850
Town of Innisfil,Simcoe,Accepting Applications,2026,Deputy Returning Officer (DRO),DRO,ESTIMATED_BENCHMARK,TRUE,,275.0,Modeled benchmark (~$275/day) based on municipal staffing policy,DAY_RATE,,"8:30 AM - 9:00 PM on October 26, 2026",18,https://www.innisfil.ca/government-administration/elections,https://www.innisfil.ca/government-administration/elections
Town of Innisfil,Simcoe,Accepting Applications,2026,Information Assistant / Greeter,GREETER,ESTIMATED_BENCHMARK,TRUE,,225.0,Modeled benchmark (~$225/day) based on municipal staffing policy,DAY_RATE,,"8:30 AM - 9:00 PM on October 26, 2026",16,https://www.innisfil.ca/government-administration/elections,https://www.innisfil.ca/government-administration/elections
Town of Innisfil,Simcoe,Accepting Applications,2026,Voting Location Supervisor (VLS),SUPERVISOR,ESTIMATED_BENCHMARK,TRUE,,350.0,Modeled benchmark (~$350/day) based on municipal staffing policy,DAY_RATE,,"8:30 AM - 9:00 PM on October 26, 2026",18,https://www.innisfil.ca/government-administration/elections,https://www.innisfil.ca/government-administration/elections
Town of Oakville,Halton,Accepting Applications,2026,Deputy Returning Officer (DRO),DRO,ESTIMATED_BENCHMARK,TRUE,,275.0,Modeled benchmark (~$275/day) based on municipal staffing policy,DAY_RATE,,"8:30 AM - 9:00 PM on October 26, 2026",18,https://www.oakville.ca/town-hall/elections/,https://www.oakville.ca/town-hall/elections/
Town of Oakville,Halton,Accepting Applications,2026,Information Assistant / Greeter,GREETER,ESTIMATED_BENCHMARK,TRUE,,225.0,Modeled benchmark (~$225/day) based on municipal staffing policy,DAY_RATE,,"8:30 AM - 9:00 PM on October 26, 2026",16,https://www.oakville.ca/town-hall/elections/,https://www.oakville.ca/town-hall/elections/
Town of Oakville,Halton,Accepting Applications,2026,Voting Location Supervisor (VLS),SUPERVISOR,ESTIMATED_BENCHMARK,TRUE,,350.0,Modeled benchmark (~$350/day) based on municipal staffing policy,DAY_RATE,,"8:30 AM - 9:00 PM on October 26, 2026",18,https://www.oakville.ca/town-hall/elections/,https://www.oakville.ca/town-hall/elections/
Town of Whitby,Durham,Accepting Applications,2026,Deputy Returning Officer (DRO),DRO,ESTIMATED_BENCHMARK,TRUE,,275.0,Modeled benchmark (~$275/day) based on municipal staffing policy,DAY_RATE,,"8:30 AM - 9:00 PM on October 26, 2026",18,https://www.whitby.ca/elections,https://www.whitby.ca/elections
Town of Whitby,Durham,Accepting Applications,2026,Information Assistant / Greeter,GREETER,ESTIMATED_BENCHMARK,TRUE,,225.0,Modeled benchmark (~$225/day) based on municipal staffing policy,DAY_RATE,,"8:30 AM - 9:00 PM on October 26, 2026",16,https://www.whitby.ca/elections,https://www.whitby.ca/elections
Town of Whitby,Durham,Accepting Applications,2026,Voting Location Supervisor (VLS),SUPERVISOR,ESTIMATED_BENCHMARK,TRUE,,350.0,Modeled benchmark (~$350/day) based on municipal staffing policy,DAY_RATE,,"8:30 AM - 9:00 PM on October 26, 2026",18,https://www.whitby.ca/elections,https://www.whitby.ca/elections
